English,Dutch
"Copyright © AtSite B.V. _ iPod, iPhone &amp; iPad are trademarks of Apple Inc.","&lt; /script &gt; &lt; /body &gt; &lt; /html &gt; ad Pro 9.7"" 12.9"" ] [ iPad Air2 Air 4G 3G 2G 1G ] [ iPad mini 4G 3G 2G 1G ] [ iPhone SE 6sP 6s 6P 6 5C 5S 5 4S 4 3GS 3G 1G ]"
"Individual garage by the house. Shop 1.5 km, supermarket 1.5 km, shopping centre 2.5 km, rent a bike 2 km, bus stop 250 m, sandy beach """"Cala Pi, Playa Arenal"""" 7 km, rocky beach """"Cala Blava"""" 3 km. Golf course 1 km, tennis 2 km. Please note: car essential.","In het huis: wasmachine. Eigen garage bij het huis. Winkel 1.5 km, supermarkt 1.5 km, winkelcentrum 2.5 km, fietsverhuur 2 km, bushalte 250 m, zandstrand """"Cala Pi, Playa Arenal"""" 7 km, rotsstrand """"Cala Blava"""" 3 km. Golfterrein 1 km, tennis 2 km. Let op: auto noodzakelijk."
"EU2675 A3(3+2) PLAVI Veli Rat (Island Dugi otok )free parking within the property, common terrace for all guest in the property, courtyard, winter garden, outdoor shower, baby bed on request - free , free use of barbecue, free berth for boat (only with obligatory previous notice), beach: 10 m, coast: 10 m, town center: 500 m","Veli Rat (Eiland Dugi otok )gratis parkeren bij het object, gemeenschappelijk terras dat gebruikt kan worden door alle gasten in het object, binnenplaats, winter tuin, douche in de tuin, kinderbed op aanvraag - gratis, gratis gebruik van de barbecue, gratis eigen ligplaats (Verplichte aankondiging van de boot), strand: 10 m, zee: 10 m, centrum van de plaats: 500 m"
"From 39.00 € per day/unit agency Apartments 7178, A2(2) #4567-10006 Pirovac, Sibenik, Dalmatia, Croatia 22 m2 2 Proximity: 300 m from beach, 120 m from sea, 100 m from shops, 120 m from downtow...Beach type: Pebble beach, the beach has the Blue Flag - this is a special mark for...","Uit 39.00 € per dag / eenheid agentschap Appartementen 7178, A2(2) #4567-10006 Pirovac, Sibenik, Dalmatië, Kroatië 22 m2 2 Nabijheid: 300 m van het strand, 120 m van zee, 100 m van de winkels, 120 m van h...Strand type: Kiezelstrand, het strand heeft de Blauwe Vlag - dit is een speciale me..."
"From 54.00 € per day/unit agency Apartments 5556, A3(4) #3902-9663 Pirovac, Sibenik, Dalmatia, Croatia 55 m2 4 Proximity: 200 m from beach, 200 m from sea, 50 m from shops, 200 m from downtown...Beach type: Pebble beach, the beach has the Blue Flag - this is a special mark for...","Uit 54.00 € per dag / eenheid agentschap Appartementen 5556, A3(4) #3902-9663 Pirovac, Sibenik, Dalmatië, Kroatië 55 m2 4 Nabijheid: 200 m van het strand, 200 m van zee, 50 m van de winkels, 200 m van he...Strand type: Kiezelstrand, het strand heeft de Blauwe Vlag - dit is een speciale me..."
"Support MP3, AVI, DIVX, OGG, MPEG, JPG, ZIP, RAR and HUNDREDS of other formats.No more files with names like """"doc17.pdf"""" or """"audio27.mp3"""" - Universal File Organizer will rename all such files according to their content and move to folder, also according to their content.That's how Universal File Organizer rename:Audio-""","Steun MP3, AVI, DIVX, OGG, MPEG, JPG, ZIP, RAR en HONDERDEN andere formats.No meer bestanden met namen als """" doc17.pdf """" of """" audio27.mp3 """" - Universal File Organizer zal hernoemen al dergelijke dossiers volgens hun inhoud en bewegen naar map, ook volgens hun content.That is hoe Universal File Organizer hernoemen: Audio-"""
"electronic room thermostat, applications: fancoil unit with 2 pipes, power supply: 230 VAC / 24VAC, relay output: 1 x 6A 250A, temperature range: 5/30°C, on/off switch, selector for the 3 speeds of the ventilator, sensors: NTC 100K / DTB/NTC100K","electronische ruimtethermostaat, toepassingen: ventilo-convector met 2 buizen, voeding: 230 VAC / 24VAC, relaisuitgang: 1 x 6A 250A, temperatuur bereik: 5/30°C, aan/uit schakelaar, keuze schakelaar voor de 3 snelheden van de ventilator, voelers: NTC 100K / DTB/NTC100K"
"From 30.00 € per day/unit agency Apartments Vedra, C(2) #2403-4564 Baska Voda, Makarska, Dalmatia, Croatia 28 m2 2 Proximity: 150 m from beach, 150 m from sea, 150 m from shops, 300 m from downtow...Beach type: Pebble beach, the beach has the Blue Flag - this is a special mark for...","Uit 30.00 € per dag / eenheid agentschap Appartementen Vedra, C(2) #2403-4564 Baska Voda, Makarska, Dalmatië, Kroatië 28 m2 2 Nabijheid: 150 m van het strand, 150 m van zee, 150 m van de winkels, 300 m van h...Strand type: Kiezelstrand, het strand heeft de Blauwe Vlag - dit is een speciale me..."
"From 67.00 € per day/unit agency Apartments 36329, A(4) #6264-13100 Baska Voda, Makarska, Dalmatia, Croatia 60 m2 4 Proximity: 50 m from beach, 20 m from sea, 20 m from shops, 10 m from restaurant,...Beach type: Pebble beach, the beach has the Blue Flag - this is a special mark for...","Uit 67.00 € per dag / eenheid agentschap Appartementen 36329, A(4) #6264-13100 Baska Voda, Makarska, Dalmatië, Kroatië 60 m2 4 Nabijheid: 50 m van het strand, 20 m van zee, 20 m van de winkels, 10 m van het r...Strand type: Kiezelstrand, het strand heeft de Blauwe Vlag - dit is een speciale me..."
"From 61.00 € per day/unit agency Apartments Roza, A1(5) #1730-2890 Baska Voda, Makarska, Dalmatia, Croatia 70 m2 5 Proximity: 250 m from beach, 200 m from sea, 150 m from shops, 200 m from downtow...Beach type: Pebble beach, the beach has the Blue Flag - this is a special mark for...","Uit 61.00 € per dag / eenheid agentschap Appartementen Roza, A1(5) #1730-2890 Baska Voda, Makarska, Dalmatië, Kroatië 70 m2 5 Nabijheid: 250 m van het strand, 200 m van zee, 150 m van de winkels, 200 m van h...Strand type: Kiezelstrand, het strand heeft de Blauwe Vlag - dit is een speciale me..."
"Bars, rods, wire and sections; plates; sheets and strips of a thickness, excluding any backing, exceeding 0,15 mm 7108 13 10 (GRM) Other 7108 13 80 (GRM) Monetary 7108 20 00 (GRM) 71.09 Base metals or silver, clad with gold, not further worked than semi-manufactured 7109 00 0071.10 Platinum, unwrought or in semi-manufactured forms, or in powder form","staven, draad en profielen, massief; platen, bladen en strippen, met een dikte van meer dan 0,15†mm (de dikte van de drager niet meegerekend) 7108 13 10 (GRM) andere 7108 13 80 (GRM) monetair goud 7108 20 00 (GRM) 71.09 Onedele metalen en zilver, geplateerd met goud, onbewerkt of halfbewerkt 7109 00 0071.10 Platina, onbewerkt, halfbewerkt of in poedervorm"
"shares his rights, is understanding, patient, merciful; does not judge (COLOSSIANS 3:12) claims his ""rights""; is sensitive, resentful, strict, bad tempered, easily offended, judges (ROMANS 2:1)","deelt zijn rechten, is begripsvol, geduldig, vergevingsgezind; oordeelt niet (KOLOSSENZEN 3:12) claimt zijn 'rechten', is gevoelig, haat-dragend, strikt, slecht gehumeurd, snel beledigd, oordeelt (ROMEINEN 2:1)"
"S'rî Vindhyâvali said: 'For the sake of Your pastimes have You created this threefold universe, You are the proprietor but the badminded and others, o Controller, have ignorantly imposing themselves settled for the ownership; what can they, the shameless, offer You, the Supreme Creator, Master and Annihilator [compare B.G. 16: 13-15 and 18: 61]?(Vedabase)","S'rî Vindhyâvali zei: 'Voor het heil van Uw spel en vermaak hebt U dit drievoudige universum geschapen, U bent de eigenaar maar de kwaadwilligen en anderen, o Beheerser, hebben onwetend zichzelf opleggend zich het eigenaarschap toegerekend; wat kunnen zij, de schaamtelozen, U nu bieden, U de Allerhoogste Schepper, Meester en Vernietiger [vergelijk B.G. 16: 13-15 en 18: 61]? (Vedabase)"
"Immersion watertemperature sensors: NTC TAC, wiring: 2 wires, temperature: -40/150°C, length: 120 mm, These products are no longer in production. we can only deliver them upon available stock, in case of stock unavailability we propose you a replacement model , Code of the replacement product (RMP): STP120-120, Compatibility level: 100%","Dompel watertemperatuurvoeler: NTC TAC, aansluiting: 2 draden, temperatuur: -40/150°C, lengte: 120 mm, Deze producten worden niet meer geproduceerd. deze kunnen U alleen geleverd worden zolang er vooraad overblijft, in geval van stock breuk stellen we U een vervang toestel voor, Code van hrt vervang produkt (RMP): STP120-120, Compatibiliteits niveau: 100%"
"Immersion watertemperature sensors: NTC TAC, wiring: 2 wires, temperature: -40/150°C, length: 220 mm, These products are no longer in production. we can only deliver them upon available stock, in case of stock unavailability we propose you a replacement model , Code of the replacement product (RMP): STP120-220, Compatibility level: 100%","Dompel watertemperatuurvoeler: NTC TAC, aansluiting: 2 draden, temperatuur: -40/150°C, lengte: 220 mm, Deze producten worden niet meer geproduceerd. deze kunnen U alleen geleverd worden zolang er vooraad overblijft, in geval van stock breuk stellen we U een vervang toestel voor, Code van hrt vervang produkt (RMP): STP120-220, Compatibiliteits niveau: 100%"
"Immersion watertemperature sensors: NTC TAC, wiring: 2 wires, temperature: -40/150°C, length: 70 mm, These products are no longer in production. we can only deliver them upon available stock, in case of stock unavailability we propose you a replacement model , Code of the replacement product (RMP): STP120-70, Compatibility level: 100%","Dompel watertemperatuurvoeler: NTC TAC, aansluiting: 2 draden, temperatuur: -40/150°C, lengte: 70 mm, Deze producten worden niet meer geproduceerd. deze kunnen U alleen geleverd worden zolang er vooraad overblijft, in geval van stock breuk stellen we U een vervang toestel voor, Code van hrt vervang produkt (RMP): STP120-70, Compatibiliteits niveau: 100%"
"Seat, For: Laboratory and general use, Laboratory chair, made from artificial leather black, with the backrest adjustable in height and inclination, Material: Synthetic leather, Colour: Black, Height: 610 - 910 mm, Foot form: Stop &amp; Go castors, Foot ring: + Catalog Number: 132-0500 UOM: 1 * 1 items Supplier: VWR Collection Clearance Quantity:","Stoel, Voor: Voor laboratorium- en algemeen gebruik, Laboratoriumstoel, uitgevoerd in zwart kunstleer, hoogte en hoek van de rugleuning zijn verstelbaar, : rugleuning met geïntegreerde scharnier, Materiaal: Kunstleder, Kleur: zwart, Hoogte: 440 - 610 mm, Voetvorm: Zwenkwielen, Voetring: - Catalogus nummer: 132-0415 UOM: 1 * 1 ST Leverancier: VWR Collection Uitverkoop Hoeveelheid:"
"For iron 3/8 "", 1/2"" 5/8 "", 3/4"" and 1 ""* DTC type cone spacers for concrete slabs, wall, high beams, partitions 15, 20, 25, 30cm.Hoods security designed to prevent accidents, their col Type wheel spacers for construction Spacers cone type for construction Hoods for construction safety","Voor iron 3/8 "", 1/2"" 5/8 "", 3/4"" en 1 "" * DTC conische spacers voor betonplaten, muur, hoge balken, wanden 15, 20, 25, 30cm.Hoods veiligheid ontworpen om ongevallen te voorkomen, hun col Type spoorverbreders voor de bouw Spacers conustype voor de bouw Kappen voor veiligheid in de bouw"
"Yin/ Yang Yang Lucky Directions: East, North, South Lucky Colors: Gold, Silver, grayish white Lucky Numbers: 1, 6, 7 Lucky Flowers: bleeding glory-bower; dragon flower Lucky Months: the 3rd, 4th, and 7th Chinese lunar months Lucky Days: the 1st and 16th of any Chinese lunar calendar month","Yin/Yang: Yang Kleuren:Goud, zilver, grijswit Richtingen:Oost, Noord, Zuid Lievelingsbloem:Kansenboom, pindakaasboom(Clerodendrum thomsoniae)Geluks Getallen:1, 6, 7 Geluks Maanden: de 3de, 4de, en de 7de maand van de Chinese Maankalender Geluks Dagen: de 1ste en de 16de dag van elke maand van de Chinese Maankalender"
"Shipping costs Brand: Marianne Design + - Add to cart Email us about this product Add to wishlist Add to comparison Print Information Reviews (0) Tags Article number: Kh410634-PK9141Pastels quantity available: 1 Designer Block, PrettyPapers, A5 8 dessins x 4, Tinny Mixed Media, Pastels for various design options, on cards, decoupage, scrapbooking, albums, collages and many other projects!","Verzendkosten Merk: Marianne Design + - In winkelwagen Email ons over dit product Zet op verlanglijst Toon in vergelijking Vergelijk producten Afdrukken Informatie Reviews (0) Tags Artikelnummer: Kh410634-PK9141Pastels Hoeveelheid in voorraad: 1 Designer Block, PrettyPapers, A5 8 dessins x 4, Tinny Mixed Media, pastels voor verschillende ontwerpen opties, op kaarten, decoupage, scrapbooking, albums, collages en vele andere projecten!"
